ID,y
1,82.9804
2,97.41947
3,83.29901
4,76.98448
5,112.71208
8,91.63572
10,99.81605
11,94.58745
12,117.39652
14,96.01242
15,116.02819
16,105.63181
17,100.976616
19,91.066574
20,100.38594
21,103.58528
22,118.54911
23,100.976616
26,95.927826
28,96.14235
29,100.976616
33,100.976616
35,94.147865
41,100.94898
42,94.478905
43,113.649124
45,101.96494
46,101.05321
51,94.19394
53,85.55399
55,109.119316
56,105.52427
57,109.89586
58,98.65752
59,104.58482
63,104.96575
64,94.57423
65,100.14377
69,96.80435
71,98.775505
72,104.55862
73,95.30411
76,105.12747
77,97.07236
78,116.319626
82,94.19057
83,100.14377
84,100.12566
85,106.82526
87,110.72627
88,100.94898
89,109.9933
91,98.0931
93,102.179886
94,105.54694
95,101.33746
96,111.524376
97,95.345055
98,109.67766
99,99.081245
101,105.88725
103,109.9933
104,93.80245
105,110.234276
110,96.86373
111,102.50053
113,104.589226
114,96.76669
115,111.351685
117,109.9933
120,95.6215
121,113.06017
122,94.16107
123,106.2362
126,108.451004
132,109.442215
135,110.68855
137,102.23675
138,94.99955
140,104.08804
142,108.44157
144,110.95905
148,91.714386
149,114.84506
155,103.29502
156,111.64329
157,95.345055
162,113.56993
163,95.99898
167,94.47806
172,113.649124
179,106.722
180,94.299385
181,107.59681
182,97.32505
183,109.9933
185,109.9933
187,107.00311
188,92.842995
189,93.612236
191,93.95359
192,103.451775
193,93.52908
194,107.47644
195,94.76824
196,99.1903
198,109.01476
199,111.04725
201,100.11511
204,95.13462
205,105.88142
206,106.49804
210,96.68617
211,105.88725
216,111.76227
219,117.39652
220,92.67369
221,109.024445
226,107.59681
227,92.83269
228,110.39401
230,110.05743
231,95.345055
235,118.54911
236,98.666824
238,111.81214
242,104.51245
243,94.44459
244,79.98756
245,111.115456
247,117.77506
248,94.63476
249,91.39651
250,113.48129
251,98.666824
253,118.54911
254,94.83406
256,95.252106
257,91.97168
258,108.74074
259,98.853264
262,91.71255
266,101.661705
267,113.15359
272,103.74969
273,109.9933
275,93.71755
276,109.371796
279,93.30218
280,100.14377
283,93.03744
285,110.18817
288,109.9933
289,107.96744
290,100.38273
291,94.99327
292,105.672226
293,106.122406
296,94.00887
297,105.65415
298,116.319626
299,93.77194
304,91.815796
305,87.52655
306,95.36106
307,109.04758
311,104.11729
313,108.98303
314,92.62993
316,109.71022
324,110.6172
327,98.24087
329,92.42371
330,110.08859
337,97.78212
338,94.64804
339,99.918846
340,93.27329
343,93.654305
345,115.889114
346,96.44862
347,112.56978
349,110.339676
350,94.42128
352,103.65483
353,92.588745
354,91.19029
357,95.79009
358,107.71405
362,108.027626
364,104.14952
365,101.94203
366,102.11584
367,106.66589
368,93.822914
370,80.84876
373,99.18178
377,93.75677
378,107.38537
382,105.12747
384,110.57079
390,97.152695
392,111.72724
393,113.02621
395,94.49044
396,97.33635
399,80.30313
406,108.98303
408,108.98303
409,94.854836
410,80.5918
412,112.556404
413,89.72266
419,100.01286
420,105.26091
421,89.99162
430,105.707565
434,93.33956
436,95.01453
437,102.386505
438,90.91989
439,111.0191
440,102.12297
443,101.88791
446,95.13462
448,93.21553
452,94.48218
453,108.653366
457,99.450516
458,94.62331
459,113.99274
460,103.69349
462,104.00902
464,101.36315
465,117.39652
467,112.50793
471,106.63026
472,77.07597
473,105.244225
475,95.823715
480,102.49426
488,105.70741
490,109.04758
491,105.01068
492,83.58723
493,97.57686
497,93.93418
498,107.36525
499,94.46453
500,101.198494
501,94.81479
502,111.26753
506,87.66666
510,107.42071
511,90.584526
512,93.5404
516,93.73847
518,97.15709
519,112.56978
521,91.627464
522,111.582756
526,114.505295
529,107.878784
532,112.01181
533,94.741234
536,111.555984
537,94.9511
539,94.60176
540,105.67977
541,96.884636
543,93.4306
546,110.195724
547,98.6612
548,91.374565
551,94.75525
552,107.26956
556,101.59464
557,101.33906
558,106.66589
559,94.23477
560,105.5711
562,104.88932
566,98.10019
570,107.36525
571,102.386505
572,100.14377
573,93.3641
575,117.39652
576,108.979095
577,95.33904
579,90.659515
580,112.30224
581,108.90778
589,109.04758
591,101.5372
593,95.20233
594,105.75953
595,95.15049
598,94.84376
602,106.74873
604,112.00136
606,107.2295
608,102.18102
609,105.88725
610,96.675354
616,108.34941
617,94.62002
618,107.22638
620,107.298904
622,102.07926
623,89.17486
624,109.262215
626,112.40989
628,111.95396
629,97.1808
630,110.05743
637,91.70579
638,100.907684
643,105.72679
645,102.49426
646,111.99587
648,94.81611
652,100.5675
653,101.42644
654,107.36525
656,110.737564
657,104.461845
659,99.81297
660,109.754875
663,93.38474
664,110.2516
666,107.38912
668,104.886116
669,94.15934
671,94.878204
675,90.52584
677,97.02932
678,107.731415
679,103.68218
682,106.20346
685,107.829285
687,96.61478
688,94.8121
693,111.50951
696,98.49772
698,93.63765
701,101.661835
704,97.81092
705,117.1777
709,103.92255
710,98.873146
711,108.61181
712,98.483475
714,110.699585
715,90.659744
716,109.04758
717,94.77346
720,116.02819
721,93.95359
724,105.4066
725,95.31869
726,100.92984
728,110.35554
731,97.208435
734,111.67277
738,93.22761
745,106.21942
746,92.07093
751,78.32658
754,95.81386
756,98.40651
758,98.445274
759,109.42285
761,118.13241
766,100.10839
767,107.11152
768,89.22151
769,113.25326
770,98.217354
771,83.58723
772,107.757675
773,96.527054
774,103.49276
776,110.57079
777,104.64347
780,113.649124
782,105.62819
787,102.94608
788,94.60176
792,90.80267
793,114.29262
798,108.60552
800,90.8554
806,109.04758
809,110.939026
811,106.66024
812,95.69688
814,117.39652
816,108.58987
817,93.76605
818,107.72761
820,99.590965
823,94.95294
829,93.7674
830,112.76084
831,92.553535
834,110.203224
839,103.26766
841,83.49443
844,104.87946
845,94.55062
848,91.73023
850,116.9972
851,106.570206
852,97.036026
854,93.009346
855,104.56645
856,110.72698
859,102.46734
861,103.49276
864,93.29214
865,103.86766
866,91.98484
867,98.335655
869,96.56576
871,92.62449
872,109.04758
882,102.736244
883,93.33956
885,94.99528
888,98.300674
893,107.37425
901,107.96782
903,104.9591
904,93.44693
905,108.09767
910,99.78743
911,112.98438
914,110.9765
918,107.214615
921,91.63278
928,96.938774
929,109.01175
932,103.73593
933,96.08764
934,99.78743
935,109.1314
937,80.19815
939,94.22575
940,106.27077
941,99.13656
942,105.79464
943,92.871445
944,105.09594
947,109.04758
949,110.02268
951,102.204834
952,94.1772
953,104.9591
954,77.66223
957,110.61385
959,90.19392
960,110.72454
963,117.39652
965,109.04758
967,109.225494
971,95.22264
972,77.62343
973,91.93921
974,111.012665
975,100.5882
978,107.03949
980,96.785255
981,94.35704
984,110.726074
986,99.78743
988,89.22151
989,107.388664
990,106.06689
992,107.96782
996,103.57963
999,109.63469
1000,104.034546
1001,103.86766
1002,90.57913
1003,110.57079
1004,90.71444
1008,110.463585
1009,102.36181
1010,106.99033
1012,110.20828
1013,96.776794
1014,107.70487
1015,93.62617
1016,117.09893
1019,94.02825
1020,107.71281
1021,99.78743
1022,98.1419
1024,99.78743
1025,92.6433
1027,95.896996
1028,110.33853
1029,98.99392
1030,99.685265
1033,110.61385
1036,102.44887
1037,107.85294
1038,91.66568
1042,94.22575
1043,105.81894
1044,95.93981
1045,110.909485
1047,114.67608
1050,94.447914
1051,108.40187
1054,94.62331
1056,94.35704
1057,95.00331
1059,93.59907
1062,105.62161
1063,101.28284
1064,94.35704
1066,94.34651
1070,112.75484
1076,110.9773
1077,98.9449
1078,111.25539
1080,108.237595
1082,100.677605
1083,98.95104
1089,105.93265
1091,98.300674
1093,96.36094
1097,94.59498
1099,96.88514
1101,99.78743
1103,101.243675
1104,111.562065
1106,106.36566
1109,93.50665
1110,110.2349
1111,107.2832
1112,110.30341
1114,94.19394
1116,96.031235
1117,108.90887
1120,100.892075
1124,110.79807
1125,94.16774
1126,113.45005
1134,107.63323
1137,91.08274
1138,111.61772
1144,111.05578
1145,95.15049
1146,92.62993
1148,101.90533
1150,98.87973
1152,104.87946
1153,101.70771
1154,106.6696
1155,95.753944
1157,98.48142
1162,96.71083
1165,111.1533
1166,97.01058
1167,101.93855
1168,103.41801
1169,102.46734
1171,118.54911
1172,102.80427
1173,102.46734
1174,97.46377
1176,106.35919
1177,107.8405
1178,95.90256
1182,111.87375
1186,101.91178
1187,105.28992
1188,92.25229
1189,113.570816
1191,106.19878
1192,96.36516
1197,112.52887
1198,94.31789
1200,79.241585
1201,93.833206
1203,98.07298
1209,117.39652
1214,107.228294
1218,111.144875
1222,99.466515
1226,97.608505
1228,97.75832
1230,103.110306
1232,79.63563
1233,107.83059
1236,112.99399
1238,100.804375
1241,111.05578
1244,99.02382
1246,102.819214
1247,100.22383
1250,104.19985
1251,99.894325
1254,105.35432
1255,98.645325
1256,110.258064
1257,98.16232
1258,110.80107
1259,111.58262
1260,94.04795
1263,112.32387
1267,79.87324
1268,109.55774
1271,98.054855
1272,107.7468
1274,105.327446
1275,96.71083
1276,108.77442
1277,90.77297
1279,92.62993
1281,98.04604
1282,92.25229
1283,106.31624
1285,105.069984
1286,94.07584
1289,112.59777
1296,97.881744
1299,101.72683
1301,103.57963
1306,89.6012
1307,95.26074
1308,94.682465
1313,108.77442
1314,95.437164
1315,110.2349
1316,92.72237
1317,108.14426
1319,92.51393
1323,106.25867
1324,109.01606
1325,96.8467
1328,102.9982
1329,92.070656
1330,103.49276
1331,99.68744
1332,104.93143
1337,101.33061
1338,99.377426
1339,93.272385
1340,101.63519
1343,106.93884
1347,110.05737
1348,97.35114
1349,107.887436
1352,94.30202
1354,103.80182
1359,112.06613
1360,101.03747
1363,108.15997
1364,99.664825
1365,103.35865
1366,101.3809
1372,98.326775
1375,98.187096
1376,97.71807
1378,96.92466
1379,108.49547
1380,101.218124
1381,102.46406
1384,109.41835
1387,100.62409
1388,106.62473
1392,75.33366
1394,101.890724
1395,94.50989
1396,109.34641
1398,97.07737
1399,109.34641
1400,91.98729
1401,92.95524
1403,101.351776
1404,98.08936
1406,109.34641
1407,94.370155
1408,111.79157
1410,80.49726
1412,109.313866
1413,93.58431
1415,97.46384
1420,111.79157
1422,110.671326
1423,100.64266
1424,111.79157
1425,98.073845
1426,80.49726
1427,102.24574
1429,95.79851
1430,108.44194
1431,103.42622
1432,101.308685
1434,109.425186
1437,94.202805
1438,104.991005
1440,109.76565
1441,106.29633
1442,95.740715
1444,107.11003
1445,96.93235
1446,105.03663
1448,93.537315
1453,93.973145
1454,109.313866
1455,93.16295
1456,106.445366
1458,109.313866
1459,95.31233
1461,97.53665
1465,100.62409
1466,110.65958
1469,106.70078
1472,93.973145
1474,96.80276
1477,108.28319
1479,106.55528
1482,109.41095
1483,78.04695
1487,95.14202
1488,105.178375
1490,115.10025
1492,105.33407
1494,117.25705
1496,98.927666
1497,98.83299
1499,104.17965
1502,94.27356
1507,102.91762
1508,94.30202
1509,103.20403
1511,93.037094
1512,107.75865
1513,116.54172
1514,99.23493
1518,112.48487
1519,91.58424
1522,111.84044
1524,78.422195
1527,95.740715
1529,94.87657
1532,106.51555
1536,113.146416
1537,117.00987
1539,101.98923
1542,111.43126
1543,97.71807
1544,105.01617
1545,79.90244
1550,94.72649
1551,103.31186
1554,114.45597
1556,108.94823
1559,94.56012
1560,77.9521
1562,99.266495
1566,91.62292
1567,111.75218
1569,104.7294
1570,109.84799
1571,108.81389
1574,94.30202
1578,106.76174
1580,93.66318
1583,105.25749
1584,94.30202
1585,106.74316
1586,104.173065
1587,112.780426
1588,94.84107
1590,115.529686
1592,104.638054
1596,95.68664
1598,106.50509
1599,95.72508
1604,109.07402
1606,102.03176
1607,93.58431
1608,99.41175
1609,117.07938
1611,96.92389
1613,95.88292
1616,98.797356
1619,108.55595
1620,94.278534
1621,112.01034
1622,98.97519
1625,108.95867
1627,117.07938
1629,102.65993
1634,98.0179
1636,95.73002
1638,108.919014
1639,97.84498
1641,101.49379
1643,95.02287
1644,102.321625
1645,117.27354
1646,104.09315
1647,112.7231
1648,95.68299
1652,93.66318
1653,113.27659
1656,95.45844
1658,95.72508
1659,108.976776
1661,102.257355
1663,93.58431
1664,104.880936
1665,95.59423
1666,108.94823
1667,100.40715
1668,79.22666
1669,101.97144
1670,95.11961
1672,113.03496
1674,104.61299
1677,105.178375
1678,92.56446
1679,111.05711
1680,101.75707
1683,109.88017
1686,103.91384
1687,110.50072
1689,106.4163
1690,96.435814
1691,115.863914
1692,113.53853
1693,94.30202
1695,96.47286
1696,93.973145
1697,108.976776
1700,108.94823
1701,97.292725
1702,112.780426
1703,92.39328
1704,105.30966
1706,95.31691
1707,109.39248
1708,96.91212
1710,92.721085
1711,105.78404
1713,101.42751
1717,109.16299
1719,106.76174
1720,96.41564
1722,95.72188
1725,104.60005
1726,96.46267
1727,101.29457
1729,105.35416
1730,91.33417
1731,107.70977
1733,108.94823
1734,94.65674
1735,110.671326
1738,95.88292
1742,103.4794
1745,104.61299
1747,95.65608
1749,100.34129
1751,97.35094
1752,78.03218
1753,103.99016
1754,95.72067
1755,94.76451
1756,102.33238
1758,106.41888
1759,92.82724
1760,106.22305
1761,108.55721
1762,92.732155
1763,105.87077
1764,108.85317
1766,102.26095
1768,93.126045
1769,80.49726
1771,108.15019
1772,97.99964
1773,108.99962
1774,99.16931
1775,108.27727
1777,111.55989
1779,92.82724
1780,106.2747
1787,92.39328
1788,95.35837
1790,95.81116
1796,112.788414
1801,91.059746
1803,93.86516
1807,111.97491
1809,106.321495
1812,97.98653
1813,109.56644
1814,101.90119
1815,110.056435
1816,95.658295
1818,93.33895
1820,92.52715
1821,116.01933
1822,95.40727
1825,96.31523
1826,106.68927
1828,96.165504
1831,103.5749
1836,101.09157
1837,95.23555
1841,96.80276
1844,104.16793
1848,91.26609
1851,101.98923
1852,93.757256
1853,94.07551
1854,97.74017
1856,103.758125
1859,106.321495
1860,97.74625
1861,78.24366
1863,110.12997
1865,96.99247
1866,104.35109
1867,95.51216
1868,92.825035
1872,95.86417
1879,97.91185
1880,107.24457
1882,97.82257
1885,109.88017
1887,104.577354
1888,95.27405
1890,103.8939
1894,96.81663
1895,102.95651
1896,93.01709
1897,109.28099
1900,109.774124
1901,94.56012
1902,107.13479
1905,99.32277
1906,108.30046
1912,106.68487
1915,96.00921
1916,107.09478
1917,93.562706
1918,104.33111
1920,79.076836
1923,100.63609
1924,103.26691
1925,96.46267
1930,117.07938
1932,114.129074
1933,111.36446
1934,110.41941
1935,94.23675
1940,80.49726
1941,97.18166
1942,115.93265
1943,105.49939
1944,92.97859
1945,101.70044
1948,117.00987
1949,93.01518
1952,99.75125
1954,94.30202
1955,117.1956
1958,96.901985
1959,84.23257
1960,105.87077
1963,96.363106
1965,102.95816
1968,102.89825
1969,99.664825
1971,96.32037
1972,111.24887
1973,92.7854
1975,91.79092
1977,101.433304
1978,96.716644
1979,109.09554
1981,92.52424
1982,110.053276
1987,110.71214
1988,91.62292
1993,103.939285
1997,93.10707
1999,95.792465
2001,95.88292
2002,115.83334
2003,100.19895
2004,78.415825
2006,111.47957
2007,94.04045
2009,106.33093
2010,93.74672
2013,102.75325
2018,79.301254
2022,98.59735
2024,106.21239
2025,97.2832
2026,104.15557
2030,106.46994
2031,95.52215
2032,106.68487
2033,96.076675
2035,98.94459
2036,113.20204
2037,92.96841
2040,95.740204
2043,109.1632
2044,128.3314
2046,106.11023
2054,109.35599
2055,95.65782
2056,106.2747
2059,94.97705
2060,94.56012
2062,93.23896
2063,109.148895
2066,96.81663
2067,115.61392
2072,100.47145
2073,107.24416
2074,108.20185
2075,100.236176
2076,95.68716
2080,96.465515
2082,94.56012
2085,99.79314
2087,107.60919
2091,107.52929
2092,96.029305
2093,106.2747
2098,100.893585
2101,105.87077
2102,93.33032
2103,80.49726
2105,104.2068
2106,93.52753
2107,101.02292
2110,97.106674
2114,98.50858
2115,113.29994
2117,87.560295
2118,96.03351
2119,105.91516
2120,96.20325
2122,102.78203
2123,112.76957
2126,94.701004
2127,107.37517
2128,97.205154
2129,110.741135
2132,110.518814
2135,105.95514
2138,103.835556
2139,117.07938
2141,110.83251
2142,94.42532
2146,97.50689
2151,110.393715
2157,105.621025
2159,101.51482
2162,93.05118
2164,117.00987
2167,95.30447
2168,110.438736
2171,98.21838
2173,95.31863
2174,104.8065
2175,95.88773
2178,94.22455
2180,96.32112
2185,111.02609
2189,93.76209
2190,112.0789
2192,103.41187
2194,112.93865
2200,104.59335
2201,98.489586
2203,108.22606
2204,97.20047
2205,110.2781
2209,110.15059
2213,103.24519
2214,94.167435
2215,108.533585
2216,98.60822
2218,94.795815
2219,109.93749
2220,101.80169
2222,98.01835
2223,104.57518
2225,110.40998
2226,94.277245
2230,101.05614
2233,111.831055
2234,106.91739
2235,97.20047
2236,77.21483
2237,92.405594
2240,116.331314
2241,95.707146
2248,104.10057
2249,96.51857
2250,101.3054
2252,110.28223
2253,99.843506
2254,111.23222
2256,79.735916
2258,94.65809
2259,101.603966
2262,96.81663
2265,95.05846
2266,103.89169
2269,99.55146
2271,104.12309
2273,94.878716
2274,108.63593
2275,98.32953
2277,98.61942
2279,97.20047
2280,77.0294
2282,96.32112
2283,102.314964
2288,95.70777
2289,106.49604
2291,95.894714
2292,117.65155
2297,109.47921
2298,106.01068
2299,98.50051
2300,111.545425
2301,92.8212
2304,94.50295
2305,101.7579
2306,96.81663
2308,93.948494
2309,100.66309
2311,104.58173
2312,100.11832
2316,103.308754
2321,104.06798
2322,107.044556
2325,106.01425
2326,93.352325
2329,117.65155
2330,99.11211
2331,101.50793
2332,110.80165
2333,96.81663
2334,104.473564
2335,110.62098
2337,105.57664
2338,104.94165
2340,110.80165
2342,103.31286
2345,93.10357
2349,95.34034
2351,78.592384
2352,95.38727
2354,109.26128
2355,112.55331
2357,110.40998
2358,96.40851
2360,95.577614
2361,109.26128
2364,95.67585
2366,99.05276
2369,99.094284
2370,95.20293
2371,111.2989
2373,102.38783
2374,105.64513
2376,112.780426
2378,106.75455
2382,103.71938
2383,93.38161
2386,107.802536
2387,99.87558
2389,98.629005
2390,104.73367
2392,93.9225
2398,110.80165
2399,94.63904
2400,99.27535
2401,109.84514
2402,96.29044
2404,99.79254
2407,102.902336
2408,100.91862
2409,105.04198
2412,86.67687
2413,101.707054
2415,94.61977
2420,101.691376
2422,99.53677
2423,103.50522
2426,93.83962
2432,98.79248
2434,92.01355
2435,95.90381
2436,109.77689
2438,106.14073
2440,106.11559
2443,101.72424
2444,91.93896
2447,104.10057
2450,94.722496
2454,103.88734
2455,108.73012
2459,96.81663
2460,102.58685
2463,97.1412
2465,96.99259
2468,80.49726
2469,96.64966
2474,95.296974
2478,94.92876
2480,91.34489
2481,116.331314
2489,96.32112
2490,101.51439
2492,94.21736
2496,96.81663
2497,100.14516
2500,95.57641
2505,95.740204
2507,99.30498
2508,110.2781
2509,94.97113
2510,77.25837
2513,91.27694
2515,96.32112
2518,93.38161
2519,104.05298
2520,93.38161
2521,107.69346
2523,100.26215
2525,96.66372
2529,110.2781
2530,96.70196
2533,104.977264
2535,92.557594
2538,100.4729
2544,106.824745
2553,110.64191
2556,94.11647
2558,92.54331
2559,111.133896
2560,94.27405
2561,108.73377
2562,97.5943
2563,106.64688
2564,91.10852
2565,112.64851
2567,99.54341
2572,94.30637
2575,97.27379
2576,113.273895
2577,96.60352
2578,97.37977
2579,108.7313
2580,93.68381
2582,103.30431
2583,92.64886
2587,90.84714
2589,109.33333
2590,96.74116
2591,110.2781
2594,96.4783
2597,96.60172
2598,105.28181
2599,95.56833
2600,100.5377
2602,116.263374
2603,94.30637
2604,97.04642
2606,100.23839
2607,78.03218
2608,100.38264
2613,110.2781
2614,101.98594
2615,111.40944
2617,109.55653
2620,100.941925
2623,107.97557
2624,99.42781
2627,110.2781
2629,78.03218
2630,94.999855
2632,101.8938
2636,95.792656
2639,105.40549
2640,108.572044
2642,110.2781
2644,107.39053
2646,98.91493
2647,97.108604
2649,94.18309
2650,102.73548
2652,108.31257
2653,97.88296
2655,101.84651
2657,111.61911
2659,107.57815
2662,93.337036
2663,116.331314
2664,96.68672
2665,102.253105
2670,98.95673
2671,108.42747
2672,91.19804
2675,108.31257
2677,110.35901
2679,99.313614
2683,108.23518
2684,97.07932
2685,104.95557
2688,108.13034
2689,103.99196
2690,103.117645
2693,103.2322
2694,107.86379
2697,104.11917
2699,95.64317
2703,95.30406
2705,107.12135
2709,84.35968
2710,94.886154
2711,108.17788
2712,97.913956
2713,97.862335
2714,108.49039
2715,97.739815
2717,93.85239
2718,110.75345
2720,107.73112
2721,96.911415
2726,102.28121
2728,92.46121
2731,103.93577
2732,109.84155
2734,95.95174
2736,103.59652
2737,96.48476
2738,104.65832
2739,100.89851
2746,95.05947
2749,105.839806
2751,117.43907
2752,102.02655
2753,97.49337
2757,101.37538
2758,95.75094
2759,109.51891
2760,103.915436
2762,110.7905
2764,93.31921
2765,108.110405
2769,106.643875
2771,105.87011
2774,94.35195
2776,93.11918
2777,99.517624
2778,96.810905
2779,105.9777
2782,93.806015
2784,94.49747
2787,95.2618
2789,96.91193
2792,98.140526
2798,95.67777
2799,101.793816
2800,96.38472
2801,77.49285
2802,95.397964
2804,97.530334
2807,103.50117
2808,100.15
2809,100.853745
2811,117.098694
2812,95.78032
2814,93.66049
2816,98.43109
2817,109.15766
2818,100.27041
2820,102.333244
2821,84.36077
2822,97.06228
2823,110.528824
2824,96.99792
2826,98.14873
2829,97.3856
2834,97.02387
2835,79.02893
2838,95.00711
2839,109.2376
2840,92.64368
2841,105.4627
2842,96.81663
2846,113.56824
2848,100.8257
2849,94.04181
2850,108.49039
2851,92.985565
2853,96.98154
2854,110.2781
2858,100.875946
2861,103.75216
2864,94.23675
2865,116.331314
2866,103.292305
2867,92.54761
2868,113.99558
2870,108.388306
2877,102.50925
2878,110.2781
2880,112.98678
2882,77.96674
2883,97.68156
2884,104.14612
2885,97.98386
2887,96.32112
2888,108.24182
2889,91.801956
2890,105.03663
2891,103.536125
2892,117.11953
2893,94.13678
2898,107.20972
2899,99.99953
2900,109.409195
2901,93.61112
2909,105.214554
2910,111.5402
2911,119.55825
2913,97.410904
2914,104.397736
2918,97.52298
2919,108.01416
2920,92.53498
2921,110.2781
2922,99.2616
2923,101.82596
2925,104.01249
2926,93.68381
2927,110.20213
2929,113.21965
2933,95.78544
2934,106.511406
2936,101.4919
2941,97.133255
2942,96.07516
2943,108.98504
2945,102.5753
2950,95.396706
2951,108.36593
2953,106.669426
2954,99.90777
2955,106.317345
2956,99.987724
2960,105.472336
2962,96.86837
2963,104.68173
2964,106.3467
2966,77.0294
2967,95.80465
2968,97.68147
2969,91.56597
2971,92.68189
2972,108.4794
2974,95.05127
2975,106.16502
2977,117.25705
2980,107.36396
2981,89.95907
2983,101.782814
2984,99.68981
2985,117.65155
2986,97.35009
2987,108.4794
2989,97.14722
2990,108.31269
2991,114.822395
2992,80.49726
2995,104.11917
2996,98.311104
3002,111.332466
3004,108.30032
3005,118.62613
3006,95.85891
3010,98.17065
3011,104.021484
3014,93.68381
3015,95.20621
3016,94.202805
3017,100.21405
3018,94.12985
3021,103.14975
3024,105.28181
3028,97.25092
3030,94.60923
3032,93.81411
3039,94.68066
3040,103.78868
3041,98.55219
3043,108.69097
3044,113.30361
3046,105.33772
3055,96.08144
3056,109.809746
3058,93.35109
3059,106.622795
3061,117.00987
3063,106.00182
3066,95.20563
3067,105.28181
3068,77.39566
3069,96.911415
3072,116.2537
3073,113.03496
3074,95.84209
3077,96.81561
3082,100.91576
3084,104.11917
3085,102.49095
3088,107.39053
3091,96.45909
3092,111.63961
3093,99.48744
3094,103.93577
3096,110.41941
3097,91.2535
3098,78.54443
3102,116.97596
3106,93.67574
3109,95.942894
3111,94.47255
3112,118.62613
3113,97.1921
3115,100.47145
3116,106.07446
3117,97.588264
3121,103.46007
3122,95.409874
3123,95.57641
3124,101.42306
3125,94.202805
3126,100.3363
3127,115.863914
3129,92.92314
3130,113.719284
3132,106.498375
3134,108.09737
3135,105.008194
3137,76.35601
3138,122.06489
3140,106.28125
3144,105.38859
3145,104.99815
3146,111.40944
3147,95.30632
3148,103.533714
3149,105.39969
3150,111.90293
3151,96.24827
3152,96.507645
3155,101.98989
3156,108.49039
3159,92.71139
3161,98.63016
3162,107.188644
3163,95.99833
3165,102.28155
3172,103.33283
3173,98.756355
3176,92.062935
3177,107.237076
3179,106.16502
3183,94.37212
3186,94.88007
3187,98.46742
3189,106.25232
3190,97.647484
3192,115.863914
3193,103.33283
3194,112.901596
3197,96.024925
3198,95.971054
3200,101.370155
3201,118.470314
3202,95.971054
3204,95.740204
3205,92.98745
3206,105.37057
3208,104.55607
3210,103.16781
3211,100.3141
3212,117.00987
3213,98.18079
3214,105.23754
3216,105.03663
3219,93.40496
3220,110.87789
3221,97.1921
3226,107.542404
3227,105.85958
3228,97.909454
3229,98.89565
3232,80.49726
3233,94.26029
3234,96.04164
3236,99.09215
3238,110.67027
3239,109.40297
3240,93.81349
3247,108.964554
3249,104.92944
3252,109.76482
3253,98.53446
3254,104.83283
3255,99.7735
3256,109.335846
3257,95.72219
3262,104.47611
3263,108.31257
3264,99.987724
3266,112.73661
3267,101.02379
3269,98.36733
3272,117.65155
3274,96.024925
3275,105.13309
3277,101.87319
3279,99.09536
3280,107.37779
3283,95.21217
3285,96.32112
3287,103.30838
3288,105.28181
3290,100.14477
3291,92.36531
3298,108.03195
3299,95.853004
3302,106.73959
3303,94.100845
3304,104.26616
3307,94.76399
3309,98.20436
3314,77.079124
3316,110.95464
3317,98.28402
3319,96.31248
3320,108.16076
3321,95.29219
3322,102.81251
3324,92.865234
3326,96.38817
3329,100.44614
3330,91.188545
3331,111.51424
3335,117.11953
3337,97.06938
3338,98.90626
3339,98.12441
3340,111.80404
3341,96.430435
3343,94.26179
3346,92.75128
3348,93.24916
3351,105.20782
3352,117.618034
3355,91.89421
3356,110.59858
3358,104.37951
3359,93.635185
3360,101.31258
3371,96.66175
3372,96.18126
3374,96.793465
3377,107.952065
3378,92.57721
3380,106.86212
3382,100.914
3386,96.626
3389,102.23764
3391,105.99563
3393,96.57615
3394,106.87483
3395,93.48516
3397,110.2781
3398,103.233185
3399,82.776505
3400,95.19089
3404,104.69574
3407,111.244705
3409,101.42751
3419,101.7289
3421,97.974434
3425,94.76375
3427,80.83305
3428,117.65155
3429,107.87454
3431,96.77971
3435,93.707565
3436,108.79612
3439,97.010185
3441,101.34447
3442,117.65155
3443,102.81491
3444,105.28517
3445,94.1343
3446,106.63207
3449,94.56012
3453,97.2184
3457,102.3191
3460,103.59652
3461,106.65981
3462,93.973145
3464,106.00182
3465,77.39566
3466,96.87717
3467,104.80728
3468,97.4592
3469,102.80436
3470,95.4807
3472,110.2781
3473,99.31478
3475,94.60066
3476,109.14739
3478,106.47226
3479,94.377045
3483,95.04787
3484,107.21585
3485,101.36989
3487,94.68055
3488,108.27887
3496,111.600044
3497,99.93911
3499,103.42622
3500,77.06611
3501,97.39586
3504,93.14374
3508,101.16849
3511,95.63865
3512,109.13102
3515,92.533104
3517,95.433
3518,96.803925
3526,107.752426
3528,113.961365
3529,100.11092
3530,115.94075
3531,92.82103
3532,103.41998
3533,96.376854
3534,95.01503
3535,77.43622
3536,99.4135
3537,111.12841
3538,92.17136
3539,102.53311
3540,102.94843
3545,107.50439
3546,92.077545
3550,108.41493
3551,104.03275
3553,96.94067
3554,103.59652
3557,92.405594
3558,109.06007
3559,94.56012
3561,92.25549
3562,110.2781
3563,96.13367
3564,105.20782
3565,94.1343
3567,95.28241
3571,105.20782
3572,97.43163
3574,110.06844
3576,95.895485
3577,106.66287
3578,95.11964
3579,93.91559
3583,95.347206
3585,103.72156
3586,105.748276
3587,112.788414
3593,93.90769
3594,104.17931
3595,94.74771
3599,95.85557
3600,105.69837
3601,110.2781
3602,94.56012
3604,99.04425
3609,118.470314
3610,106.93937
3612,110.31969
3614,100.00458
3615,95.55288
3617,101.47502
3618,111.49096
3619,111.73018
3620,108.720856
3621,96.3084
3625,104.55356
3626,102.965385
3630,103.15518
3631,106.44093
3632,96.39434
3633,93.194855
3634,109.739174
3637,99.01598
3639,93.900406
3640,108.26037
3641,93.018524
3644,111.82278
3645,99.454445
3646,93.79827
3647,92.3645
3648,110.67027
3653,112.783875
3654,99.91448
3655,109.518364
3659,102.006546
3660,97.42774
3662,107.05141
3666,101.31749
3668,99.549934
3671,99.655495
3673,93.83226
3674,104.88746
3675,97.19469
3681,93.79199
3682,113.67666
3686,105.23754
3687,94.29436
3692,79.23586
3695,109.77237
3696,97.37435
3699,108.97518
3705,116.777405
3707,80.49726
3708,95.58621
3709,112.0681
3710,97.8469
3712,96.66308
3715,113.64026
3716,95.277794
3720,103.65261
3722,80.49726
3726,92.168945
3728,98.14376
3729,115.53458
3731,104.069084
3735,110.186584
3736,100.20984
3739,102.32476
3741,111.310036
3743,106.361275
3744,95.81116
3745,114.13311
3746,102.77745
3751,97.7061
3753,95.89429
3760,111.92461
3761,97.15496
3762,108.16221
3763,93.50458
3765,93.47181
3768,108.81752
3769,93.99986
3770,94.70321
3773,111.54063
3774,100.75902
3776,97.5027
3778,95.32643
3779,109.35342
3780,95.78705
3781,101.3258
3782,104.47032
3783,110.61267
3784,102.20434
3786,92.7742
3789,103.160355
3790,98.24096
3793,110.85068
3795,113.01585
3797,95.245
3798,117.65155
3800,108.69412
3804,100.12897
3810,99.91244
3815,112.81294
3816,100.12897
3818,105.22416
3824,110.2781
3828,102.38143
3830,109.45324
3831,96.01994
3832,78.03218
3834,113.70573
3835,96.78718
3836,109.01377
3838,95.88292
3839,117.00987
3840,110.95246
3845,94.740364
3846,109.58266
3847,96.307236
3849,77.257164
3853,107.358406
3855,106.2747
3856,96.94929
3864,83.98961
3865,99.10447
3866,115.13279
3867,106.94235
3868,108.69412
3869,95.6904
3871,96.540436
3875,110.40586
3876,97.81949
3878,92.46301
3879,111.32477
3881,108.69412
3883,104.199844
3884,95.62891
3886,109.97424
3890,101.64204
3893,107.960815
3897,101.7814
3901,96.28108
3902,105.87077
3913,106.93884
3914,94.069595
3916,93.77152
3917,111.3555
3924,102.560776
3925,94.48323
3928,94.98383
3929,113.86295
3932,94.61404
3933,108.46423
3934,78.73868
3935,93.95295
3936,97.66533
3937,108.07865
3938,89.992714
3939,102.13696
3943,91.627464
3944,110.43367
3945,110.90912
3946,101.00824
3947,108.72548
3948,95.65284
3949,111.04224
3950,95.39428
3951,103.87164
3952,92.9732
3953,99.825096
3961,114.94122
3962,92.61835
3966,97.62813
3967,107.72872
3968,101.66423
3969,111.62401
3970,101.41666
3971,100.386
3973,98.43346
3974,111.40585
3975,113.86667
3977,93.985466
3979,104.12378
3985,105.08061
3986,108.36199
3988,102.16838
3991,93.77587
3992,105.68691
3993,104.420265
3994,97.93462
3995,113.91804
4005,103.04713
4007,96.742424
4008,109.45625
4009,98.385506
4010,106.56199
4011,79.198006
4012,95.24001
4013,102.246376
4015,102.87872
4016,105.229996
4018,102.08385
4025,95.1039
4026,102.581276
4028,108.407845
4029,97.171036
4031,97.447525
4032,111.3555
4033,98.01845
4034,107.02313
4037,102.74901
4038,104.57945
4039,94.78448
4041,95.89136
4042,103.79509
4043,96.22086
4044,108.46423
4045,93.35251
4046,107.08458
4047,95.24766
4048,101.48182
4049,106.40993
4051,92.948654
4052,113.05182
4058,103.37191
4062,113.43203
4064,105.76822
4067,97.017265
4068,77.5502
4070,102.35755
4072,118.95773
4074,110.841576
4075,96.08792
4076,109.9452
4077,95.77474
4078,104.170044
4080,108.46423
4082,100.86685
4085,92.62839
4086,101.07625
4088,102.581276
4089,98.50696
4092,77.171875
4094,100.35056
4095,110.33364
4096,100.85481
4097,109.65504
4102,103.773865
4105,105.78039
4107,110.67346
4111,101.74952
4112,103.48584
4113,94.18205
4114,106.319305
4115,94.83334
4116,109.273766
4117,96.831345
4118,94.85774
4119,108.489105
4120,95.26058
4122,79.55513
4125,93.01932
4126,111.49978
4129,110.39401
4134,107.37392
4137,92.89633
4141,100.96642
4142,99.69514
4144,98.64809
4145,102.560776
4146,104.843155
4150,98.098976
4151,79.63618
4154,97.017265
4156,92.39478
4157,105.11136
4159,105.229996
4160,95.70736
4161,108.7167
4168,95.619
4171,107.57806
4172,109.83791
4173,97.64709
4175,92.46625
4176,108.46423
4177,98.64809
4178,101.93522
4179,105.526245
4181,104.697716
4183,97.171036
4184,107.62217
4185,92.153595
4186,111.69657
4188,102.85591
4190,112.34909
4192,92.66798
4193,104.71598
4194,110.50215
4195,105.22609
4196,78.17006
4202,97.79141
4203,99.31175
4208,89.91697
4209,111.32341
4210,99.94496
4211,106.14948
4212,117.10759
4214,105.60687
4215,95.265434
4216,104.324554
4217,92.75905
4219,92.992455
4222,108.07865
4224,77.60915
4231,106.10537
4232,97.171036
4234,103.009514
4236,98.64809
4237,104.581764
4240,96.82583
4242,99.38049
4243,92.86158
4247,93.44584
4248,115.72413
4249,100.364296
4254,105.52213
4263,93.12077
4265,114.791306
4267,108.42224
4268,111.30265
4271,108.497665
4272,98.93068
4273,108.03047
4274,95.424484
4276,92.50382
4278,100.52972
4280,95.6677
4281,111.5067
4283,101.64275
4284,110.3358
4285,110.03361
4286,106.63071
4287,98.15126
4288,117.3585
4289,94.91168
4290,87.77325
4293,94.58607
4296,111.28295
4297,94.0112
4299,95.05916
4303,108.2776
4310,101.129814
4312,104.244736
4318,105.51718
4320,104.9682
4322,99.63004
4323,113.448326
4325,106.45792
4326,111.26224
4328,110.40126
4330,108.677605
4332,112.34469
4333,100.98731
4335,98.37399
4336,100.38962
4338,105.00944
4341,95.26776
4342,105.45799
4344,103.52917
4347,95.209465
4348,105.67917
4351,106.52108
4352,96.36529
4353,98.981514
4355,105.33303
4356,92.62839
4359,104.52079
4360,98.296555
4361,96.52735
4364,100.075615
4365,103.9318
4368,99.276634
4372,93.547905
4374,91.75395
4376,93.964424
4377,112.02584
4380,94.2919
4383,104.540146
4384,94.60176
4385,98.78184
4389,96.66774
4391,93.23648
4392,106.54856
4393,90.934784
4395,95.32398
4396,110.397606
4398,111.539116
4399,109.38691
4401,90.40809
4406,101.02919
4408,106.10217
4412,105.67917
4415,101.3719
4418,105.79018
4419,91.75395
4420,77.578415
4422,109.89249
4423,91.75395
4425,95.78994
4428,100.57836
4431,108.94425
4434,106.714806
4436,96.70387
4437,111.07689
4439,117.39652
4440,98.78076
4441,109.63834
4444,99.8517
4445,106.00608
4446,93.769554
4447,111.484344
4452,109.62678
4456,106.98408
4457,92.8566
4458,98.68578
4460,92.62839
4461,117.157745
4462,96.5964
4465,103.74942
4466,103.40711
4468,98.097534
4469,107.92935
4472,108.08924
4475,93.377815
4478,96.22139
4479,113.871895
4480,94.24305
4483,79.95581
4484,94.92735
4485,107.97417
4486,101.41666
4488,100.43067
4489,111.55068
4490,96.01871
4491,99.09353
4492,93.69142
4493,105.85181
4494,96.1811
4495,99.81335
4498,77.647865
4499,92.585144
4500,103.48641
4503,106.44896
4505,103.41042
4506,97.092186
4507,94.04408
4508,105.51718
4510,110.26525
4511,91.234
4513,102.59227
4516,81.329704
4519,93.093124
4521,107.038765
4531,92.283485
4532,77.41789
4533,104.87298
4534,104.253006
4536,105.51718
4537,92.8566
4539,95.21339
4542,104.04499
4545,93.52231
4549,90.86051
4551,98.67682
4554,101.860085
4556,105.07944
4559,111.77402
4561,112.68859
4562,108.37054
4566,111.54737
4569,93.46094
4570,110.397606
4573,93.77792
4574,102.03263
4575,97.79479
4577,92.425125
4578,109.305466
4580,100.141266
4582,99.43926
4583,109.89249
4585,95.16394
4587,105.51718
4595,92.67835
4596,105.728065
4601,100.53438
4602,110.019905
4603,93.51688
4605,102.11409
4606,96.87267
4607,110.46081
4608,95.00383
4610,95.259544
4613,108.89321
4617,95.73994
4618,110.91874
4619,91.670845
4620,95.33461
4622,96.77539
4625,92.62839
4626,105.51718
4627,95.958595
4629,83.50767
4631,90.24062
4633,105.51718
4634,111.32048
4635,94.98702
4639,97.74564
4640,106.157745
4642,105.193184
4644,98.78303
4646,105.51718
4647,99.54532
4648,79.97296
4649,92.96703
4650,110.41499
4655,90.86051
4660,94.36111
4661,112.47832
4662,91.751114
4663,113.37901
4665,96.9855
4666,111.7581
4667,104.79099
4668,93.4827
4670,94.34685
4671,103.27079
4672,100.155014
4673,105.63926
4675,108.6407
4676,95.67878
4677,110.602715
4680,97.09961
4682,96.32265
4683,107.29171
4685,105.67917
4686,93.67693
4688,110.057884
4690,103.35162
4692,109.31784
4693,93.65026
4697,91.03498
4700,106.42553
4702,108.507675
4707,117.6044
4708,92.3648
4710,82.888885
4716,103.764046
4717,96.14746
4718,94.541504
4720,95.69033
4721,80.00059
4723,97.79126
4726,110.7902
4727,91.25936
4729,96.26052
4731,98.137085
4732,106.013176
4735,104.78541
4736,105.98931
4737,93.45787
4738,108.22569
4739,112.0575
4744,106.530914
4747,94.78555
4749,108.42917
4750,92.3648
4752,110.52292
4755,101.42571
4756,106.70552
4757,111.854454
4758,94.65115
4759,106.43091
4763,97.244354
4764,106.74358
4765,94.54903
4766,93.94483
4767,99.804016
4769,111.06594
4770,95.97458
4771,79.596924
4772,104.75878
4774,110.5914
4776,102.48346
4777,107.615135
4778,102.07854
4780,95.86245
4784,96.22337
4786,103.323944
4787,77.55078
4788,96.15292
4789,110.52292
4791,105.12914
4792,94.952965
4795,109.10564
4796,90.05565
4803,92.450935
4805,92.29135
4807,94.2104
4809,97.50104
4816,92.57565
4817,82.69346
4818,90.31691
4820,93.8462
4821,105.30693
4823,110.43091
4824,97.59885
4825,112.6095
4829,94.87611
4830,97.923874
4831,109.89201
4833,104.68072
4836,92.66806
4837,110.057884
4838,94.03677
4840,96.32954
4841,80.37829
4842,90.04453
4843,108.632744
4844,94.14093
4849,108.37375
4851,99.05907
4852,94.67851
4858,93.61232
4860,97.923874
4863,111.65718
4864,96.913
4865,110.658905
4867,97.20664
4868,96.57556
4869,109.88614
4873,92.98242
4875,102.62154
4876,109.70316
4877,98.08088
4878,110.26813
4880,77.19396
4886,113.1343
4888,107.288994
4889,92.60872
4890,108.36391
4893,96.62317
4895,96.13864
4896,102.52968
4899,93.57148
4901,100.31495
4902,110.82293
4903,96.10288
4904,110.52292
4910,92.88111
4912,92.40655
4915,97.00481
4916,106.7174
4917,100.735176
4920,104.75878
4927,105.33153
4928,95.627396
4931,106.94588
4934,92.72523
4936,95.263794
4939,109.030365
4942,111.231415
4943,97.58281
4944,106.43038
4945,97.4489
4947,108.13733
4948,91.38678
4951,93.71501
4952,110.52292
4953,94.33286
4956,96.10288
4957,116.48561
4958,102.19573
4960,95.62638
4968,94.681366
4969,104.192795
4971,108.23913
4973,111.03958
4975,111.313545
4976,96.36026
4978,94.85627
4979,98.06893
4982,97.17808
4983,102.08373
4984,99.598526
4985,117.663216
4986,103.20314
4987,114.47047
4988,99.42814
4994,97.33344
4995,93.49809
5002,81.00648
5004,94.09243
5005,103.74605
5006,98.26851
5007,108.34761
5009,110.528
5011,111.03958
5014,105.50471
5015,104.47562
5018,98.54681
5019,112.17986
5020,93.5641
5021,104.49747
5022,92.93738
5023,99.58999
5025,97.31253
5032,104.057526
5034,91.67053
5036,93.0066
5038,94.39375
5039,110.569176
5046,98.973015
5049,112.17986
5051,91.70055
5052,93.40846
5053,110.5914
5054,96.53922
5055,92.743385
5057,92.84805
5059,94.4159
5062,99.74025
5063,112.03867
5065,112.44734
5069,95.07021
5071,98.41037
5074,108.44064
5075,92.8475
5076,92.57081
5077,77.52257
5079,106.129036
5080,96.63642
5081,110.057884
5083,104.379005
5088,108.50834
5089,93.950264
5093,100.301544
5094,104.35655
5095,95.13884
5099,105.97493
5101,111.31372
5103,104.55427
5104,94.667625
5105,104.81829
5107,93.888664
5108,105.178215
5109,94.58819
5111,97.596924
5112,110.58176
5113,99.01248
5114,102.742325
5115,95.70742
5118,93.64573
5122,96.53922
5123,81.04921
5125,93.81673
5127,106.913185
5128,98.32471
5129,114.61659
5132,98.26851
5134,110.57086
5135,95.47789
5137,108.862755
5142,94.44677
5143,101.954506
5144,93.33459
5148,94.49538
5149,92.771324
5150,102.560776
5154,77.578415
5155,97.08543
5159,93.59447
5164,95.4258
5165,116.66883
5166,90.982925
5167,106.108284
5169,109.22118
5171,90.35662
5172,110.49216
5176,96.30522
5184,105.00553
5185,105.49313
5186,103.903725
5188,103.08519
5189,105.352104
5190,97.45217
5191,116.66883
5193,110.39401
5196,93.43357
5199,80.77044
5200,108.01138
5203,97.773796
5204,112.376564
5205,98.4969
5207,96.954605
5208,99.059326
5212,97.5781
5214,96.28045
5218,97.69241
5220,100.06812
5222,92.8596
5224,95.24921
5225,104.75878
5227,110.33091
5229,106.90376
5232,93.16805
5233,119.53131
5234,103.63752
5237,110.301315
5239,110.7981
5240,93.94875
5241,114.08597
5244,93.69966
5248,110.466965
5251,91.5343
5253,92.411514
5255,97.31974
5256,96.809685
5257,92.32974
5259,97.75163
5260,107.88548
5266,93.21553
5268,97.583015
5275,109.968636
5276,103.17485
5277,95.95159
5279,95.47424
5280,107.66205
5281,91.965
5283,104.180275
5284,79.93137
5285,93.44651
5286,102.81404
5287,98.793976
5289,90.89991
5290,110.39401
5292,109.44482
5293,98.75991
5294,103.89943
5297,93.47684
5299,100.18202
5302,93.25583
5305,79.706665
5306,95.36669
5308,103.599106
5309,95.64926
5310,117.936424
5312,110.08908
5316,107.13894
5317,96.8995
5319,81.04921
5320,97.22628
5323,97.10292
5329,99.960976
5331,109.770546
5334,106.156586
5336,110.835884
5338,103.945496
5341,105.97775
5345,95.31216
5348,97.835846
5349,112.73838
5355,110.312805
5356,97.14651
5360,109.0858
5362,105.06283
5364,105.09348
5366,105.84664
5367,96.73796
5368,93.2913
5370,96.68456
5371,77.578415
5373,106.15307
5375,110.301315
5376,97.14184
5378,105.09811
5379,102.286026
5383,95.40213
5384,99.95542
5389,112.91767
5391,78.31505
5393,111.75506
5395,109.79836
5397,109.25845
5398,96.253006
5399,113.79748
5401,119.00093
5402,96.860596
5403,113.409996
5404,95.948395
5407,78.17006
5408,93.08397
5413,110.80758
5414,99.565
5417,97.2054
5418,109.44482
5420,108.26065
5421,94.33829
5424,96.11387
5425,112.376564
5426,101.89934
5429,112.02295
5431,95.52953
5437,104.830025
5440,92.492355
5444,108.504326
5446,105.23996
5447,102.791695
5451,97.11467
5452,106.43257
5455,103.63752
5456,96.3099
5458,92.05797
5459,100.43729
5460,94.54402
5462,97.37436
5463,107.156364
5464,91.27248
5465,109.99097
5466,98.60963
5467,104.20025
5468,106.1535
5469,112.36714
5472,94.24675
5474,94.542595
5475,92.9504
5476,96.32626
5479,106.84465
5480,113.05182
5482,107.02425
5485,91.82534
5486,119.00093
5488,79.42956
5495,106.90376
5496,100.82601
5497,111.676575
5499,109.414955
5503,92.2596
5504,93.823235
5507,97.64709
5509,104.83985
5511,94.517044
5512,111.13431
5516,110.925255
5517,94.65153
5518,104.19256
5521,94.571335
5522,107.29389
5527,102.47937
5528,97.06535
5529,105.352104
5532,103.73804
5533,106.19306
5535,105.21851
5536,101.369095
5540,93.91746
5547,93.01597
5548,111.21967
5550,77.257355
5551,95.61423
5554,109.286125
5555,96.68391
5559,109.59102
5560,90.63891
5561,109.52057
5562,98.01592
5563,110.225
5565,82.71892
5566,100.67907
5567,103.34284
5568,95.08769
5572,97.439804
5574,95.30515
5576,100.374825
5579,111.69206
5580,85.14997
5581,90.982254
5583,95.8053
5584,110.25354
5586,109.66916
5587,94.43061
5589,103.370674
5591,106.62082
5592,95.706924
5593,106.82712
5594,96.409225
5595,85.57816
5596,110.057884
5597,103.73542
5598,116.394585
5599,97.38989
5602,113.97254
5603,96.409225
5605,94.39028
5607,93.59433
5608,95.06339
5609,95.628105
5610,94.83334
5612,95.49939
5613,105.352104
5614,95.962555
5616,94.52296
5621,95.307274
5623,97.854034
5628,113.511734
5629,96.2681
5631,112.58835
5633,99.92807
5638,102.91059
5639,94.79536
5640,99.68963
5645,98.131676
5646,79.84956
5649,95.12533
5653,103.523796
5655,115.43132
5656,94.41589
5658,94.89959
5662,117.32387
5663,92.03861
5667,93.54806
5670,97.38989
5671,102.76006
5672,95.49127
5673,104.698685
5674,92.242805
5675,103.40904
5676,94.21296
5679,113.14107
5683,108.78423
5687,96.12348
5688,76.99926
5690,99.95494
5691,114.95198
5692,97.196266
5693,108.36233
5694,94.37428
5697,108.64939
5698,92.49681
5699,111.4951
5704,96.36006
5707,113.14107
5709,96.56104
5710,92.77126
5714,94.26786
5718,94.26521
5721,95.329704
5723,95.18338
5724,112.308136
5725,92.3648
5726,102.390465
5729,99.201256
5730,104.19256
5731,97.05632
5733,77.39477
5736,93.203606
5741,110.60565
5745,110.840904
5747,94.42634
5748,112.794014
5750,112.41172
5751,107.91975
5752,96.18889
5754,95.1401
5755,94.68566
5757,101.68448
5758,116.056015
5760,108.26921
5762,104.895294
5766,107.910095
5768,97.5074
5769,118.69014
5770,99.138916
5771,111.03432
5772,92.511604
5773,102.43831
5774,96.06595
5776,94.34119
5777,111.4951
5778,93.96053
5780,110.569176
5782,92.504715
5783,77.82331
5784,97.90005
5786,95.80698
5788,93.95476
5789,99.10862
5790,94.66976
5791,106.88271
5793,100.19817
5794,97.07924
5796,117.90199
5797,95.01863
5801,98.02292
5803,96.12348
5804,104.15982
5805,95.43425
5806,77.04898
5808,109.09709
5813,94.62331
5815,96.88047
5816,106.43751
5822,97.9986
5823,111.51469
5825,107.102394
5827,109.76365
5829,103.08664
5830,98.53669
5831,96.46109
5832,97.21688
5833,109.09709
5837,114.395256
5838,91.98892
5839,96.488144
5842,99.68963
5844,108.49157
5845,94.12817
5846,106.61857
5848,76.89571
5850,108.03375
5851,92.72878
5853,97.5074
5854,105.2919
5858,99.68963
5860,112.66601
5864,103.9216
5866,96.621765
5867,113.14107
5868,95.476105
5869,112.32985
5870,93.03208
5871,108.83261
5874,115.431206
5876,110.49708
5877,90.3445
5878,95.0163
5879,112.21379
5880,100.50877
5884,92.4038
5886,111.16608
5890,99.88065
5896,97.13559
5897,105.40422
5898,97.5074
5901,105.3234
5903,110.5914
5906,94.83334
5908,113.14107
5909,92.27627
5910,105.352104
5911,92.326744
5912,105.08494
5914,115.431206
5919,111.03958
5924,96.471245
5926,94.8988
5929,104.063416
5930,99.86017
5932,92.214645
5933,111.0102
5934,92.99686
5935,109.79426
5936,93.951675
5937,110.48288
5938,95.60998
5939,106.350555
5942,100.5799
5943,92.73419
5944,99.724174
5946,111.131485
5951,93.80789
5953,103.276855
5954,94.95294
5957,105.655754
5961,100.56967
5962,102.21874
5964,78.94207
5965,98.07689
5968,114.697586
5969,94.95233
5974,94.560394
5975,95.38731
5978,80.233315
5981,104.19256
5982,94.41708
5983,100.37115
5989,105.90338
5991,93.195404
5992,98.67066
5995,99.901184
5996,105.66563
5997,110.66022
5998,95.58822
5999,76.09384
6001,110.455124
6002,94.52425
6003,97.586815
6004,94.95294
6006,105.91215
6007,94.11241
6011,100.43126
6012,110.047035
6014,92.326744
6015,105.274796
6016,94.59091
6017,111.33864
6018,97.5074
6024,94.21296
6025,103.76135
6026,112.10047
6028,107.99365
6029,77.13775
6030,99.05377
6036,114.697586
6040,95.43425
6041,110.67532
6042,93.59528
6044,97.14031
6045,106.88271
6047,103.90322
6048,99.96066
6049,95.31429
6051,116.394585
6052,98.2796
6053,90.31691
6054,109.074684
6058,97.67726
6059,97.69472
6062,97.23712
6063,117.90199
6064,106.69923
6065,95.43425
6067,101.47067
6068,110.886665
6070,105.28703
6071,108.63496
6072,111.16608
6080,111.16608
6081,93.183914
6084,104.1639
6087,92.929535
6089,103.962585
6092,111.16608
6094,94.439285
6095,110.057884
6097,110.95258
6100,100.33413
6104,109.86991
6105,96.192085
6106,102.53752
6107,81.01532
6108,95.23564
6109,111.16608
6110,93.751
6114,111.16608
6116,93.91234
6117,97.554245
6118,93.88611
6123,78.64451
6125,110.5914
6128,103.041435
6130,103.97736
6132,105.4987
6137,79.09734
6139,111.132095
6140,96.25379
6141,110.39104
6142,105.27014
6144,103.615395
6145,94.59776
6146,97.466995
6149,92.3173
6156,93.656715
6159,111.92365
6160,96.25379
6162,104.13112
6164,101.089745
6165,92.40124
6168,78.10762
6169,109.09709
6170,98.30647
6171,105.485275
6172,91.968376
6173,108.00593
6176,99.201256
6177,92.44212
6178,95.22755
6180,96.40708
6181,106.53442
6182,96.09501
6185,93.72959
6186,110.916145
6188,107.04577
6189,96.78793
6192,104.1639
6193,93.03245
6194,106.88271
6195,98.18591
6196,119.0051
6197,93.262405
6201,110.118286
6202,94.71615
6203,94.73727
6204,95.90603
6207,117.22577
6209,96.817245
6210,97.14718
6211,111.63855
6213,111.81686
6216,91.91544
6217,92.34579
6219,95.49939
6222,77.04898
6223,110.4008
6235,97.62473
6240,98.26225
6242,93.468895
6247,92.242805
6251,111.17761
6254,115.04777
6255,92.76044
6260,104.40023
6261,93.45975
6262,100.548096
6264,114.33585
6269,109.48286
6271,101.19475
6275,110.487
6276,93.449066
6278,105.408875
6279,111.2401
6281,113.80544
6284,91.863045
6286,97.017586
6287,77.95733
6288,94.33176
6292,97.723885
6293,95.37146
6295,97.33083
6298,105.17611
6300,108.15117
6304,106.45599
6308,105.30806
6310,94.55102
6312,111.16608
6320,97.05632
6324,92.36867
6325,108.74501
6330,102.59093
6336,108.574135
6340,103.85533
6341,97.62473
6342,105.38665
6344,98.1029
6345,106.388916
6347,111.21967
6348,96.04001
6349,105.17611
6351,77.4058
6353,107.872925
6354,95.27353
6357,92.42414
6358,100.4713
6360,102.485
6363,113.511734
6364,91.174995
6368,110.21461
6370,95.045746
6371,95.45583
6377,102.0298
6379,95.49583
6381,93.39459
6382,77.4058
6383,111.12062
6388,110.182144
6390,107.307686
6392,103.08664
6393,100.33325
6395,91.12552
6398,105.55843
6401,77.04898
6402,95.050705
6403,109.3538
6405,96.80065
6406,90.823845
6407,111.4951
6409,105.34633
6411,92.64716
6413,94.51486
6416,96.98113
6417,104.51218
6418,92.81528
6419,118.82571
6420,106.574684
6426,104.55766
6429,97.39959
6430,94.20846
6431,109.3538
6432,96.678535
6434,100.34801
6437,112.5668
6438,93.61142
6439,103.8648
6440,93.31856
6441,94.44526
6442,108.909996
6443,97.140434
6445,94.42634
6448,113.14107
6450,105.09271
6453,97.256325
6455,102.69589
6457,96.17631
6458,98.98533
6461,97.22424
6464,111.023964
6467,96.70537
6469,103.168236
6470,80.078255
6471,97.80176
6473,107.40669
6474,93.49052
6479,95.75845
6481,99.78658
6484,110.04189
6495,90.27725
6496,106.53776
6505,105.26178
6506,91.46727
6508,99.04735
6509,93.61731
6510,107.239006
6512,106.62529
6513,96.36006
6514,108.63565
6515,91.58657
6519,94.324455
6521,98.578896
6523,77.62967
6525,101.76948
6526,97.933235
6528,93.48994
6529,99.27685
6531,109.62507
6533,102.53314
6534,93.544624
6535,111.131485
6536,93.086655
6537,113.24913
6540,92.260185
6541,111.12062
6547,104.89822
6548,101.68332
6551,109.67117
6553,105.38865
6555,104.1639
6556,97.254
6561,77.65632
6564,94.49263
6565,111.131485
6568,97.5764
6569,108.909996
6573,102.417625
6574,97.33128
6577,112.56043
6579,113.511734
6581,95.41992
6582,109.754745
6585,105.29664
6586,93.93471
6589,107.41625
6590,76.5643
6593,101.609985
6594,110.657845
6595,90.40071
6599,94.31625
6600,94.82987
6601,111.33013
6602,91.174995
6603,113.14107
6604,97.13644
6607,108.14839
6608,111.36983
6609,93.62121
6611,95.0518
6613,108.909996
6614,97.01897
6616,101.28683
6617,108.909996
6618,94.95294
6619,103.26321
6621,104.1639
6627,102.50195
6629,111.53708
6631,76.89571
6634,94.96494
6636,96.20534
6638,97.5764
6639,108.909996
6641,111.4951
6642,99.75314
6651,116.20141
6654,77.77793
6657,95.920685
6663,95.43095
6665,102.09375
6666,96.433205
6668,94.62331
6669,104.1639
6670,99.05044
6671,101.31844
6673,96.99876
6675,95.6101
6676,77.4058
6677,93.772964
6679,95.26013
6680,108.37674
6681,107.239006
6685,106.999374
6688,94.98131
6689,89.65935
6690,96.20593
6692,108.909996
6693,92.838295
6694,95.251915
6698,118.82571
6699,93.47469
6700,107.70816
6701,96.17631
6702,113.80507
6704,89.65935
6707,105.54256
6712,110.4118
6713,91.48656
6715,107.689415
6721,105.1665
6722,95.49939
6723,109.51149
6724,93.119286
6725,118.76689
6731,109.62052
6735,89.23274
6736,104.81454
6737,107.283905
6738,98.54772
6739,100.62114
6741,101.51748
6743,98.15998
6745,94.62331
6747,108.817276
6749,91.89129
6750,108.21724
6751,114.49299
6752,106.613014
6753,108.909996
6755,107.06828
6756,93.29214
6757,103.13103
6759,110.49562
6761,92.647644
6763,97.80176
6764,118.69014
6765,101.90583
6766,111.45262
6768,105.91215
6771,89.65935
6773,93.735634
6774,99.72064
6778,108.70534
6779,96.702446
6781,96.54741
6784,106.162964
6786,99.72559
6787,96.100555
6790,99.06125
6793,103.46997
6795,108.909996
6798,110.726906
6806,95.84002
6807,95.68508
6810,93.96574
6815,102.32489
6816,91.696754
6817,97.17677
6818,92.19712
6819,103.90322
6820,97.4357
6822,94.2627
6823,116.394585
6824,108.99804
6825,94.7637
6828,77.20232
6829,115.10276
6831,103.00827
6832,93.702324
6833,111.5632
6834,96.131996
6836,105.25929
6837,111.03958
6838,93.80208
6840,100.55917
6843,92.4589
6845,91.69955
6846,96.11213
6847,110.06791
6851,101.9099
6852,97.444565
6853,102.381744
6858,105.19451
6861,110.93825
6863,111.081245
6864,78.133545
6865,96.68608
6866,110.390564
6867,102.50929
6868,102.56655
6869,93.13996
6870,108.99804
6874,101.33394
6875,96.68686
6877,105.91215
6878,98.761475
6880,93.424614
6883,104.35709
6884,94.45971
6886,94.84231
6890,99.4127
6893,104.53481
6894,90.80124
6899,105.91215
6900,93.84793
6904,92.64961
6905,107.65807
6906,94.95277
6910,94.71733
6912,102.79617
6913,112.53161
6920,93.2102
6922,96.680115
6923,108.909996
6926,95.63819
6927,102.9254
6928,92.52378
6931,116.57529
6933,91.82341
6936,91.148926
6937,110.057884
6939,94.1974
6941,100.75986
6942,105.48701
6943,91.885994
6944,102.69239
6945,91.12422
6946,104.5636
6947,117.98927
6949,109.303535
6951,106.96056
6953,103.82808
6954,92.729355
6955,105.579384
6963,109.90056
6964,94.6638
6966,100.41497
6968,93.41767
6970,106.53442
6972,108.92232
6976,107.02305
6978,110.390564
6981,95.58407
6985,109.14307
6986,94.221504
6987,109.896996
6989,100.862915
6991,116.394585
6993,112.16897
6994,96.26313
6995,107.52534
6996,92.97681
6997,112.23378
6998,80.680626
7001,107.95068
7003,109.94966
7006,90.68386
7008,90.776344
7010,90.67317
7011,97.89975
7012,93.36092
7013,93.7188
7014,108.63186
7017,101.367004
7018,93.65138
7019,91.021126
7023,91.834656
7024,102.06144
7025,93.33586
7026,109.41414
7027,92.24099
7028,114.279396
7030,108.909996
7031,99.726616
7033,105.36154
7036,94.59012
7037,95.121635
7039,93.74105
7044,94.70169
7045,111.03958
7046,105.66927
7049,94.110664
7050,91.76307
7051,106.53442
7054,108.57966
7055,93.93659
7057,91.83736
7060,105.91215
7061,97.5074
7063,93.154785
7064,109.829384
7067,93.424614
7071,100.17709
7074,105.83829
7075,92.75803
7078,111.03958
7079,89.91727
7080,101.73993
7081,97.45717
7082,110.5914
7083,95.67341
7085,91.01578
7092,103.90322
7094,90.613655
7100,92.26305
7101,103.74724
7102,110.390564
7104,109.99459
7105,97.5074
7106,97.13187
7107,100.89419
7108,76.99926
7109,93.04717
7110,110.057884
7112,94.66051
7113,107.122345
7114,104.703674
7116,110.52292
7117,102.530396
7118,98.56238
7120,92.812126
7121,102.94912
7123,103.26754
7124,94.4763
7127,106.71653
7131,104.64091
7132,92.19712
7133,97.37833
7134,109.082275
7135,91.431435
7136,110.03671
7137,94.6139
7141,95.36635
7144,106.78339
7147,105.07227
7148,97.65209
7150,97.04401
7151,92.812126
7152,105.42181
7154,94.88841
7156,95.40827
7157,105.77306
7159,117.90199
7161,101.20674
7163,97.0741
7164,100.68672
7167,78.363884
7169,102.31165
7170,94.02362
7173,95.695435
7174,107.03981
7177,109.61546
7178,103.95602
7179,96.707756
7180,80.18269
7181,109.87053
7182,92.428154
7184,96.36006
7185,112.801865
7186,92.70803
7187,116.58235
7188,93.90554
7189,108.14589
7191,103.067474
7193,108.218414
7197,97.916245
7199,96.054924
7200,110.5914
7201,91.431435
7204,93.84793
7207,111.393074
7209,111.081245
7210,93.23884
7211,99.30459
7213,96.45972
7214,112.23378
7216,111.67344
7217,94.23963
7220,108.76032
7224,108.909996
7225,93.116325
7226,111.67344
7227,95.098114
7234,112.801865
7236,82.767426
7239,109.49488
7240,91.8651
7242,114.58199
7244,104.84974
7245,90.46603
7247,98.34598
7248,94.46654
7249,117.663216
7250,111.928635
7251,103.2948
7252,109.77798
7253,78.133545
7256,93.14715
7260,96.978294
7261,111.71601
7264,100.61156
7269,111.32413
7270,91.44323
7273,105.25784
7279,93.77179
7281,111.5869
7284,95.76935
7285,112.31741
7286,117.90199
7287,93.1773
7289,96.36006
7292,90.82978
7293,111.70508
7296,99.76786
7297,111.41787
7298,95.415054
7299,112.85196
7301,104.259285
7304,107.29212
7306,108.677635
7308,96.36006
7309,96.806984
7312,91.31411
7313,78.133545
7314,97.46746
7316,93.58281
7319,110.84578
7321,111.97664
7323,98.77966
7324,103.51097
7325,95.053345
7328,95.85204
7330,76.99926
7334,95.548096
7337,112.56571
7338,103.863625
7339,95.274536
7341,93.068214
7342,112.4092
7344,103.653175
7345,103.00238
7347,108.218414
7349,111.5869
7350,95.87217
7353,102.83544
7355,111.06641
7356,94.43474
7357,114.506676
7358,102.95072
7360,95.468575
7363,99.845375
7364,94.745125
7366,105.07433
7368,92.74514
7369,108.55502
7370,95.88231
7373,94.45028
7374,101.15979
7375,98.27443
7377,93.901825
7379,98.03644
7380,119.33954
7382,100.23201
7383,92.33469
7385,107.99245
7386,103.14377
7391,95.55309
7394,94.45748
7396,111.928635
7397,94.500275
7399,98.80241
7400,105.48895
7403,78.27712
7405,111.29333
7408,106.521996
7414,109.04889
7416,97.87834
7417,94.65368
7419,93.79304
7420,104.810585
7421,96.32191
7422,95.058235
7423,96.30463
7425,77.20232
7430,101.498116
7432,95.833115
7433,102.25524
7434,104.84325
7436,109.22497
7437,93.88225
7438,107.94416
7440,100.93105
7441,92.56923
7442,109.77356
7445,94.41329
7446,96.25194
7448,110.74499
7450,97.84038
7451,93.897835
7454,103.509415
7455,103.337296
7457,106.65609
7459,96.164444
7462,93.71671
7464,93.897835
7465,102.30765
7466,95.49007
7467,107.21274
7469,103.362595
7472,96.26313
7473,108.497185
7479,95.548096
7480,107.34343
7484,103.4709
7491,93.35921
7494,99.18471
7495,97.24983
7501,98.48939
7503,92.3648
7504,107.239006
7505,97.13644
7508,110.94738
7509,90.85357
7510,78.133545
7511,111.731224
7515,97.894844
7516,101.77732
7517,95.78675
7518,103.41552
7519,93.59489
7521,96.81213
7522,106.494644
7524,99.38484
7526,105.65949
7527,94.47851
7528,102.90258
7529,92.657036
7534,106.33252
7537,107.13315
7538,97.17913
7540,105.803024
7541,110.94738
7545,114.11408
7551,111.87155
7553,95.26814
7554,102.156204
7555,95.97155
7561,111.585075
7562,94.90237
7564,97.71335
7565,100.85921
7566,93.440926
7567,106.8645
7569,100.987404
7570,95.43173
7571,116.20141
7572,102.79954
7574,100.2369
7578,109.52318
7579,93.85432
7586,93.19102
7587,88.183205
7590,92.86762
7593,108.497185
7594,102.85438
7595,93.440926
7600,96.309265
7601,80.23744
7602,93.66643
7603,112.03405
7604,96.95318
7606,100.06607
7608,112.39986
7613,78.49064
7615,109.29083
7616,109.22497
7617,112.80235
7618,94.47851
7619,107.38779
7622,107.32207
7623,104.25901
7624,97.576614
7625,99.39714
7626,94.635445
7627,103.22774
7628,77.7547
7631,103.74215
7632,106.999374
7633,94.1282
7634,106.67349
7635,93.5422
7636,112.15417
7637,112.15417
7639,92.80448
7640,77.36552
7644,110.5914
7645,94.4386
7648,104.97145
7649,96.64242
7650,108.99804
7652,102.30765
7653,92.12738
7655,95.36281
7659,109.75977
7662,96.58569
7664,100.44112
7666,97.02589
7668,101.90205
7669,106.92172
7670,97.04749
7672,101.84879
7673,109.60917
7678,95.84968
7679,78.33774
7680,102.53314
7683,93.4955
7685,117.90199
7688,93.65138
7690,108.72052
7692,93.85065
7693,90.72211
7695,112.56571
7696,98.32962
7698,96.34261
7699,109.47321
7702,92.28193
7703,111.90415
7704,96.64242
7707,111.731224
7713,78.7766
7715,103.604485
7717,109.84071
7718,100.59672
7719,104.32524
7721,106.36741
7722,102.443794
7725,100.25682
7727,100.554794
7730,80.147575
7733,91.6263
7735,102.70267
7740,111.90415
7741,110.585075
7742,91.93068
7744,98.70225
7747,95.19965
7750,77.20232
7752,107.77151
7754,107.32565
7756,105.04429
7757,97.254005
7758,101.92265
7760,102.53314
7761,92.936424
7763,105.89063
7765,93.40933
7767,112.15417
7768,92.41483
7771,93.58044
7773,99.268425
7774,97.8597
7776,97.8509
7779,92.02771
7783,93.50456
7786,97.92461
7787,101.52277
7789,94.43372
7791,92.659676
7793,102.34583
7794,99.69476
7795,93.7885
7799,78.49064
7800,101.759384
7802,102.8225
7805,99.14371
7807,100.67475
7808,95.022514
7811,109.3326
7817,109.15555
7818,106.999374
7819,92.27558
7822,93.19515
7823,112.13976
7825,110.81501
7828,96.69691
7832,97.02988
7833,80.5221
7834,103.47439
7835,96.293785
7837,96.83617
7840,98.37662
7842,95.48492
7843,116.13434
7844,92.67576
7846,92.936424
7850,97.31099
7853,110.05911
7855,112.42608
7858,95.846085
7863,112.13498
7865,110.3146
7866,100.53486
7868,95.06645
7869,109.841675
7871,78.363884
7872,102.83915
7874,100.72302
7877,109.72705
7878,94.54404
7879,105.067
7881,96.02923
7883,93.312164
7885,96.93578
7886,95.26814
7889,95.133575
7890,107.747055
7891,95.68228
7893,96.98995
7894,102.79599
7896,108.99804
7898,106.245346
7901,95.21062
7902,108.218414
7904,105.112755
7905,96.405556
7906,103.133156
7909,94.62331
7910,105.73673
7913,96.781746
7918,110.16133
7919,91.173515
7923,93.43158
7925,92.29669
7927,91.71208
7930,97.58288
7932,99.245804
7933,95.52232
7935,94.88011
7939,105.914795
7942,99.732376
7943,103.57108
7945,99.430176
7946,92.74514
7948,101.17257
7949,107.34859
7950,93.13469
7951,112.15417
7955,103.81494
7959,95.69066
7960,111.90415
7961,96.55603
7962,104.13846
7964,98.43011
7965,96.52311
7966,110.5914
7967,104.03118
7968,101.171165
7971,110.09936
7974,91.173515
7976,102.77759
7978,109.03439
7982,111.90415
7983,95.37156
7984,103.93229
7986,93.23687
7989,107.34859
7991,108.218414
7992,106.93714
7993,103.45953
7994,110.390564
7995,97.02988
7997,94.9687
7998,103.93229
7999,109.15555
8002,90.80132
8007,101.609436
8009,101.07179
8011,94.61176
8013,102.23652
8015,105.58069
8017,111.15421
8019,117.687096
8023,95.39297
8024,112.4092
8026,109.45331
8027,94.13637
8029,96.67847
8030,103.43111
8031,94.71983
8033,102.31695
8035,98.87585
8036,112.79124
8039,108.25897
8042,90.11715
8044,92.22569
8046,78.467606
8048,113.47128
8049,96.405556
8050,105.68065
8053,97.21963
8054,99.29714
8059,96.22963
8061,94.03994
8062,110.079025
8064,104.911766
8066,104.815926
8067,97.06535
8068,95.58152
8070,98.04365
8071,111.70508
8072,96.85546
8076,96.07052
8080,92.28069
8081,109.350555
8084,103.19065
8087,102.63081
8089,91.488464
8090,118.47524
8091,103.4294
8094,114.20875
8100,92.86037
8101,93.126976
8110,96.22575
8111,108.218414
8112,95.34024
8115,104.31408
8116,100.695625
8118,104.911766
8121,118.61081
8125,111.28196
8127,106.041595
8128,98.51895
8129,108.32186
8131,99.98834
8138,97.46397
8139,104.58433
8140,94.798904
8141,99.268425
8142,117.44227
8143,108.71335
8145,109.45331
8146,91.12308
8148,110.32613
8153,111.15872
8154,91.55826
8155,107.35647
8161,95.88983
8162,108.15881
8163,90.85357
8166,111.55012
8168,110.92833
8170,98.09687
8172,108.218414
8173,91.86954
8176,105.59556
8179,99.3532
8181,93.73367
8182,117.68317
8184,111.60971
8190,102.53314
8191,94.577156
8194,103.0327
8196,109.40146
8198,106.51399
8199,110.925255
8201,111.155365
8202,95.21927
8207,95.610214
8208,109.198685
8211,113.39098
8214,110.28682
8217,96.66185
8218,99.67241
8222,94.655014
8229,106.95056
8231,95.7402
8233,95.50335
8236,92.60553
8238,107.00862
8240,101.71021
8243,98.31918
8246,99.074196
8250,94.64605
8254,105.008194
8256,77.0294
8257,99.85656
8258,97.89058
8260,94.89729
8261,104.54464
8263,113.86922
8264,96.014595
8267,105.5044
8268,94.227425
8271,97.33823
8272,109.198685
8275,95.84003
8276,94.75305
8277,107.73849
8278,116.92259
8279,94.34646
8280,109.496605
8281,99.822075
8282,98.98272
8287,111.52197
8288,92.370224
8289,111.94607
8294,100.92518
8296,99.56925
8299,103.47421
8302,103.21794
8308,109.94761
8314,106.6684
8315,103.158844
8316,106.76413
8317,98.51727
8319,106.57018
8320,94.27527
8321,117.65155
8323,93.525246
8325,96.49539
8326,111.206345
8328,109.854614
8330,103.837204
8331,95.24551
8332,107.990685
8334,93.830055
8338,91.88832
8339,94.82823
8341,99.91208
8345,110.67027
8346,96.67857
8347,107.69626
8349,95.55342
8351,97.74753
8352,108.658806
8353,109.854614
8355,108.29571
8358,110.5799
8359,98.67906
8360,94.94947
8361,107.08443
8363,98.90527
8364,95.82703
8365,97.62288
8366,108.8991
8370,104.224915
8372,98.12451
8376,98.581
8377,106.515686
8379,108.65566
8380,94.47684
8381,108.86592
8386,91.80638
8388,103.56114
8389,94.62867
8391,106.30515
8394,105.008194
8396,107.954666
8398,100.98144
8400,110.879166
8401,95.039276
8404,99.91208
8407,96.32112
8408,114.83585
8409,109.854614
8410,109.529076
8411,99.84425
8413,98.390594
8414,107.25798
8416,96.787384
